variable,dataType,description,detail,allowedSuffix,measureUnit,allowedValues,valueInfo,provenance,expectedFileExt
id,id,Participant ID,"The participant ID is specific to this study, and is auto-assigned by REDCap.",NA,Integer,"[3000000,3009999],[3080000,3089999],[3090000,3099999]",One ID per participant (eligible and ineligible),"file: ""thriveconsent""; variable: ""record_id""",NA
consent,consent,Participant consent status,"When data is transferred from raw to checked, value of 1 is assigned based on the value of ""consent_complete"" or ""consentes_complete"" == ""2""(indicating participant consented), otherwise 0.",NA,Logical,"NA, 0, 1","NA, status unknown | 0, no data exists | 1, data exists","file: ""thriveconsent""; variable: """"",NA
assent,assent,Participant assent status,"When data is transferred from raw to checked, value of 1 is assigned based on the value of ""assent_complete""==""2"" (indicating participant assented), otherwise 0.",NA,Logical,"NA, 0, 1","NA, status unknown | 0, no data exists | 1, data exists","file: ""thriveconsent""; variable: """"",NA
arrow-alert-v1-1_psychopy,psychopy,arrow-alert-v1-1_psychopy task status,"When data is transferred from raw to checked, value of 1 is assigned if ""arrow-alert-v1-1"" file exists, otherwise 0.","s1_r1_e1, s2_r1_e1, s3_r1_e1",Logical,"NA, 0, 1","NA, status unknown | 0, no data exists | 1, data exists",direct-psychopy,".psydat, .csv, .log"
arrow-alert-v1-2_psychopy,psychopy,arrow-alert-v1-2_psychopy task status,"When data is transferred from raw to checked, value of 1 is assigned if ""arrow-alert-v1-2"" file exists, otherwise 0.","s1_r1_e1, s2_r1_e1, s3_r1_e1",Logical,"NA, 0, 1","NA, status unknown | 0, no data exists | 1, data exists",direct-psychopy,".psydat, .csv, .log"
arrow-alert_psychopy,combination,arrow-alert_psychopy task status,"When updatetracker is run, value of 1 is assigned if either of the variables specificed for a given allowedSuffix = 1, otherwise a value of 0 is assigned.","s1_r1_e1, s2_r1_e1, s3_r1_e1",Logical,"NA, 0, 1","NA, status unknown | 0, no data exists | 1, data exists","variables: ""arrow-alert-v1-1_psychopy"",""arrow-alert-v1-2_psychopy""",NA
all_audacity,audacity,Audacity data status,"When hallMonitor is run, value of 1 is assigned if data already exists in checked, otherwise 0.","s1_r1_e1, s2_r1_e1, s3_r1_e1",Logical,"NA, 0, 1","NA, status unknown | 0, no data exists | 1, data exists",direct-audacity,.zip.gpg
all_zoom,zoom,Zoom data status,"When hallMonitor is run, value of 1 is assigned if data already exists in checked, otherwise 0.","s1_r1_e1, s2_r1_e1, s3_r1_e1",Logical,"NA, 0, 1","NA, status unknown | 0, no data exists | 1, data exists",direct-zoom,.zip.gpg
all_eeg,eeg,Brain Vision EEG data status,"When data is transferred from raw to checked, value of 1 is assigned if data exists, otherwise 0.","s1_r1_e1, s2_r1_e1, s3_r1_e1",Logical,"NA, 0, 1","NA, status unknown | 0, no data exists | 1, data exists",direct-eeg,".eeg, .vmrk, .vhdr"
all_digi,digi,Digi data status,"When hallMonitor is run, value of 1 is assigned if data already exists in checked, otherwise 0.","s1_r1_e1, s2_r1_e1, s3_r1_e1",Logical,"NA, 0, 1","NA, status unknown | 0, no data exists | 1, data exists",direct-digi,.zip.gpg
iqs_status,visit_status,Status of participant's IQS visit (attended vs not attended),,"s1_r1_e1, s2_r1_e1, s3_r1_e2",Logical,"NA, 0, 2","NA, status unknown | 0, participant has not attended IQS | 1, participant has attended IQS","file: ""iqsclinician""; variable: ""iqsclchecklist""",NA
bbs_status,visit_status,Status of participant's BBS visit (attended vs not attended),,"s1_r1_e1, s2_r1_e1, s3_r1_e3",Logical,"NA, 0, 3","NA, status unknown | 0, participant has not attended BBS | 1, participant has attended BBS","file: ""bbsra""; variable: ""bbsrafamarrival""; id: ""bbsratrk_acid""",NA
iqs_data,visit_data,Status of participant's IQS data (present on HPC or not),,"s1_r1_e1, s2_r1_e1, s3_r1_e4",Logical,"NA, 0, 4","NA, status unknown | 0, IQS data does not exist | 1, IQS data exists","file: ""iqsclinician"", ""iqschild"", ""iqsparent""",NA
bbs_data,visit_data,Status of participant's BBS data (present on HPC or not),,"s1_r1_e1, s2_r1_e1, s3_r1_e5",Logical,"NA, 0, 5","NA, status unknown | 0, BBS data does not exist | 1, BBS data exists","dataType: ""psychopy"", ""audacity"", ""zoom"", ""eeg"", ""digi""",NA
iqs_clinician,redcap_data,iqs_clinician project status,"When data is transferred from raw to checked, value of 1 is assigned based on the value of ""iqs-cl-sess-info_complete""!=NULL (indicating participant began questionnaire), otherwise 0.","s1_r1_e1, s2_r1_e1, s3_r1_e1",Logical,"NA, 0, 1","NA, status unknown | 0, no data exists | 1, data exists","file: ""iqsclinician""; variable: ""iqsclcompensation""",NA
bbs_RA,redcap_data,bbs_RA project status,"When data is transferred from raw to checked, value of 1 is assigned based on the value of ""bbs-ra-sess-info_complete""!=NULL (indicating participant began questionnaire), otherwise 0.","s1_r1_e1, s2_r1_e1, s3_r1_e1",Logical,"NA, 0, 1","NA, status unknown | 0, no data exists | 1, data exists","file: ""bbsra""; variable: ""bbsradebrief""; id: ""bbsratrk_acid""",NA
bfne_b,redcap_data,BFNE (v. B) questionnaire status,"When data is transferred from raw to checked, value of 1 is assigned based on the value of ""{questionnaire name}_complete""!=NULL (indicating participant began questionnaire), otherwise 0.","s1_r1_e1, s2_r1_e1, s3_r1_e1",Logical,"NA, 0, 1","NA, status unknown | 0, no data exists | 1, data exists","file: ""iqschild""; variable: """"",NA
fpe,redcap_data,FPE questionnaire status,"When data is transferred from raw to checked, value of 1 is assigned based on the value of ""{questionnaire name}_complete""!=NULL (indicating participant began questionnaire), otherwise 0.","s1_r1_e1, s2_r1_e1, s3_r1_e1",Logical,"NA, 0, 1","NA, status unknown | 0, no data exists | 1, data exists","file: ""iqschild""; variable: """"",NA
spaic,redcap_data,SPAI-C questionnaire status,"When data is transferred from raw to checked, value of 1 is assigned based on the value of ""{questionnaire name}_complete""!=NULL (indicating participant began questionnaire), otherwise 0.","s1_r1_e1, s2_r1_e1, s3_r1_e1",Logical,"NA, 0, 1","NA, status unknown | 0, no data exists | 1, data exists","file: ""iqschild""; variable: """"",NA
esi,redcap_data,ESI questionnaire status,"When data is transferred from raw to checked, value of 1 is assigned based on the value of ""{questionnaire name}_complete""!=NULL (indicating participant began questionnaire), otherwise 0.","s1_r1_e1, s2_r1_e1, s3_r1_e1",Logical,"NA, 0, 1","NA, status unknown | 0, no data exists | 1, data exists","file: ""iqschild""; variable: """"",NA
ats,redcap_data,ATS questionnaire status,"When data is transferred from raw to checked, value of 1 is assigned based on the value of ""{questionnaire name}_complete""!=NULL (indicating participant began questionnaire), otherwise 0.","s1_r1_e1, s2_r1_e1, s3_r1_e1",Logical,"NA, 0, 1","NA, status unknown | 0, no data exists | 1, data exists","file: ""iqschild""; variable: """"",NA
pints,redcap_data,PINTS questionnaire status,"When data is transferred from raw to checked, value of 1 is assigned based on the value of ""{questionnaire name}_complete""!=NULL (indicating participant began questionnaire), otherwise 0.","s1_r1_e1, s2_r1_e1, s3_r1_e1",Logical,"NA, 0, 1","NA, status unknown | 0, no data exists | 1, data exists","file: ""iqschild""; variable: """"",NA
swcq,redcap_data,SWCQ questionnaire status,"When data is transferred from raw to checked, value of 1 is assigned based on the value of ""{questionnaire name}_complete""!=NULL (indicating participant began questionnaire), otherwise 0.","s1_r1_e1, s2_r1_e1, s3_r1_e1",Logical,"NA, 0, 1","NA, status unknown | 0, no data exists | 1, data exists","file: ""iqschild""; variable: """"",NA
rcads,redcap_data,RCADS questionnaire status,"When data is transferred from raw to checked, value of 1 is assigned based on the value of ""{questionnaire name}_complete""!=NULL (indicating participant began questionnaire), otherwise 0.","s1_r1_e1, s2_r1_e1, s3_r1_e1",Logical,"NA, 0, 1","NA, status unknown | 0, no data exists | 1, data exists","file: ""iqschild""; variable: """"",NA
rpeq,redcap_data,RPEQ questionnaire status,"When data is transferred from raw to checked, value of 1 is assigned based on the value of ""{questionnaire name}_complete""!=NULL (indicating participant began questionnaire), otherwise 0.","s1_r1_e1, s2_r1_e1, s3_r1_e1",Logical,"NA, 0, 1","NA, status unknown | 0, no data exists | 1, data exists","file: ""iqschild""; variable: """"",NA
tsis,redcap_data,TSIS questionnaire status,"When data is transferred from raw to checked, value of 1 is assigned based on the value of ""{questionnaire name}_complete""!=NULL (indicating participant began questionnaire), otherwise 0.","s1_r1_e1, s2_r1_e1, s3_r1_e1",Logical,"NA, 0, 1","NA, status unknown | 0, no data exists | 1, data exists","file: ""iqschild""; variable: """"",NA
casi,redcap_data,CASI questionnaire status,"When data is transferred from raw to checked, value of 1 is assigned based on the value of ""{questionnaire name}_complete""!=NULL (indicating participant began questionnaire), otherwise 0.","s1_r1_e1, s2_r1_e1, s3_r1_e1",Logical,"NA, 0, 1","NA, status unknown | 0, no data exists | 1, data exists","file: ""iqschild""; variable: """"",NA
sassy,redcap_data,SASSY questionnaire status,"When data is transferred from raw to checked, value of 1 is assigned based on the value of ""{questionnaire name}_complete""!=NULL (indicating participant began questionnaire), otherwise 0.","s1_r1_e1, s2_r1_e1, s3_r1_e1",Logical,"NA, 0, 1","NA, status unknown | 0, no data exists | 1, data exists","file: ""iqschild""; variable: """"",NA
socrew,redcap_data,SOCREW questionnaire status,"When data is transferred from raw to checked, value of 1 is assigned based on the value of ""{questionnaire name}_complete""!=NULL (indicating participant began questionnaire), otherwise 0.","s1_r1_e1, s2_r1_e1, s3_r1_e1",Logical,"NA, 0, 1","NA, status unknown | 0, no data exists | 1, data exists","file: ""iqschild""; variable: """"",NA
erqca,redcap_data,ERQ-CA questionnaire status,"When data is transferred from raw to checked, value of 1 is assigned based on the value of ""{questionnaire name}_complete""!=NULL (indicating participant began questionnaire), otherwise 0.","s1_r1_e1, s2_r1_e1, s3_r1_e1",Logical,"NA, 0, 1","NA, status unknown | 0, no data exists | 1, data exists","file: ""iqschild""; variable: """"",NA
oopjr,redcap_data,OOPjr questionnaire status,"When data is transferred from raw to checked, value of 1 is assigned based on the value of ""{questionnaire name}_complete""!=NULL (indicating participant began questionnaire), otherwise 0.","s1_r1_e1, s2_r1_e1, s3_r1_e1",Logical,"NA, 0, 1","NA, status unknown | 0, no data exists | 1, data exists","file: ""iqschild""; variable: """"",NA
ocic,redcap_data,OCI-C questionnaire status,"When data is transferred from raw to checked, value of 1 is assigned based on the value of ""{questionnaire name}_complete""!=NULL (indicating participant began questionnaire), otherwise 0.","s1_r1_e1, s2_r1_e1, s3_r1_e1",Logical,"NA, 0, 1","NA, status unknown | 0, no data exists | 1, data exists","file: ""iqschild""; variable: """"",NA
mss,redcap_data,MSS questionnaire status,"When data is transferred from raw to checked, value of 1 is assigned based on the value of ""{questionnaire name}_complete""!=NULL (indicating participant began questionnaire), otherwise 0.","s1_r1_e1, s2_r1_e1, s3_r1_e1",Logical,"NA, 0, 1","NA, status unknown | 0, no data exists | 1, data exists","file: ""iqschild""; variable: """"",NA
edshvsc,redcap_data,EDSHVS-C questionnaire status,"When data is transferred from raw to checked, value of 1 is assigned based on the value of ""{questionnaire name}_complete""!=NULL (indicating participant began questionnaire), otherwise 0.","s1_r1_e1, s2_r1_e1, s3_r1_e1",Logical,"NA, 0, 1","NA, status unknown | 0, no data exists | 1, data exists","file: ""iqschild""; variable: """"",NA
psb,redcap_data,PSB questionnaire status,"When data is transferred from raw to checked, value of 1 is assigned based on the value of ""{questionnaire name}_complete""!=NULL (indicating participant began questionnaire), otherwise 0.","s1_r1_e1, s2_r1_e1, s3_r1_e1",Logical,"NA, 0, 1","NA, status unknown | 0, no data exists | 1, data exists","file: ""iqschild""; variable: """"",NA
pds,redcap_data,PDS questionnaire status,"When data is transferred from raw to checked, value of 1 is assigned based on the value of ""{questionnaire name}_complete""!=NULL (indicating participant began questionnaire), otherwise 0.","s1_r1_e1, s2_r1_e1, s3_r1_e1",Logical,"NA, 0, 1","NA, status unknown | 0, no data exists | 1, data exists","file: ""iqschild""; variable: """"",NA
cyber,redcap_data,CYBER questionnaire status,"When data is transferred from raw to checked, value of 1 is assigned based on the value of ""{questionnaire name}_complete""!=NULL (indicating participant began questionnaire), otherwise 0.","s1_r1_e1, s2_r1_e1, s3_r1_e1",Logical,"NA, 0, 1","NA, status unknown | 0, no data exists | 1, data exists","file: ""iqschild""; variable: """"",NA
dsmxc,redcap_data,DSMXC questionnaire status,"When data is transferred from raw to checked, value of 1 is assigned based on the value of ""{questionnaire name}_complete""!=NULL (indicating participant began questionnaire), otherwise 0.","s1_r1_e1, s2_r1_e1, s3_r1_e1",Logical,"NA, 0, 1","NA, status unknown | 0, no data exists | 1, data exists","file: ""iqschild""; variable: """"",NA
csisbnow,redcap_data,CSISB NOW questionnaire status,"When data is transferred from raw to checked, value of 1 is assigned based on the value of ""{questionnaire name}_complete""!=NULL (indicating participant began questionnaire), otherwise 0.","s1_r1_e1, s2_r1_e1, s3_r1_e1",Logical,"NA, 0, 1","NA, status unknown | 0, no data exists | 1, data exists","file: ""iqschild""; variable: """"",NA
csisblife,redcap_data,CSISB LIFE questionnaire status,"When data is transferred from raw to checked, value of 1 is assigned based on the value of ""{questionnaire name}_complete""!=NULL (indicating participant began questionnaire), otherwise 0.","s1_r1_e1, s2_r1_e1, s3_r1_e1",Logical,"NA, 0, 1","NA, status unknown | 0, no data exists | 1, data exists","file: ""iqschild""; variable: """"",NA
lsasca,redcap_data,LSAS-CA questionnaire status,"When data is transferred from raw to checked, value of 1 is assigned based on the value of ""{questionnaire name}_complete""!=NULL (indicating participant began questionnaire), otherwise 0.","s1_r1_e1, s2_r1_e1, s3_r1_e1",Logical,"NA, 0, 1","NA, status unknown | 0, no data exists | 1, data exists","file: ""iqschild""; variable: """"",NA
abq,redcap_data,ABQ questionnaire status,"When data is transferred from raw to checked, value of 1 is assigned based on the value of ""{questionnaire name}_complete""!=NULL (indicating participant began questionnaire), otherwise 0.","s1_r1_e1, s2_r1_e1, s3_r1_e1",Logical,"NA, 0, 1","NA, status unknown | 0, no data exists | 1, data exists","file: ""bbschild""; variable: """"",NA
bstad,redcap_data,BSTAD questionnaire status,"When data is transferred from raw to checked, value of 1 is assigned based on the value of ""{questionnaire name}_complete""!=NULL (indicating participant began questionnaire), otherwise 0.","s1_r1_e1, s2_r1_e1, s3_r1_e1",Logical,"NA, 0, 1","NA, status unknown | 0, no data exists | 1, data exists","file: ""bbschild""; variable: """"",NA
physinfo,redcap_data,PHYSINFO questionnaire status,"When data is transferred from raw to checked, value of 1 is assigned based on the value of ""{questionnaire name}_complete""!=NULL (indicating participant began questionnaire), otherwise 0.","s1_r1_e1, s2_r1_e1, s3_r1_e1",Logical,"NA, 0, 1","NA, status unknown | 0, no data exists | 1, data exists","file: ""bbschild""; variable: """"",NA
rpbic,redcap_data,RPBI-C questionnaire status,"When data is transferred from raw to checked, value of 1 is assigned based on the value of ""{questionnaire name}_complete""!=NULL (indicating participant began questionnaire), otherwise 0.","s1_r1_e1, s2_r1_e1, s3_r1_e1",Logical,"NA, 0, 1","NA, status unknown | 0, no data exists | 1, data exists","file: ""bbschild""; variable: """"",NA
identitya,redcap_data,IDENTITYA questionnaire status,"When data is transferred from raw to checked, value of 1 is assigned based on the value of ""{questionnaire name}_complete""!=NULL (indicating participant began questionnaire), otherwise 0.","s1_r1_e1, s2_r1_e1, s3_r1_e1",Logical,"NA, 0, 1","NA, status unknown | 0, no data exists | 1, data exists","file: ""bbschild""; variable: """"",NA
masi_b,redcap_data,MASI (v. B) questionnaire status,"When data is transferred from raw to checked, value of 1 is assigned based on the value of ""{questionnaire name}_complete""!=NULL (indicating participant began questionnaire), otherwise 0.","s1_r1_e1, s2_r1_e1, s3_r1_e1",Logical,"NA, 0, 1","NA, status unknown | 0, no data exists | 1, data exists","file: ""bbschild""; variable: """"",NA
via,redcap_data,VIA questionnaire status,"When data is transferred from raw to checked, value of 1 is assigned based on the value of ""{questionnaire name}_complete""!=NULL (indicating participant began questionnaire), otherwise 0.","s1_r1_e1, s2_r1_e1, s3_r1_e1",Logical,"NA, 0, 1","NA, status unknown | 0, no data exists | 1, data exists","file: ""bbschild""; variable: """"",NA
texi_b,redcap_data,TEXI (v. B) questionnaire status,"When data is transferred from raw to checked, value of 1 is assigned based on the value of ""{questionnaire name}_complete""!=NULL (indicating participant began questionnaire), otherwise 0.","s1_r1_e1, s2_r1_e1, s3_r1_e1",Logical,"NA, 0, 1","NA, status unknown | 0, no data exists | 1, data exists","file: ""bbschild""; variable: """"",NA
yssm,redcap_data,YSSM questionnaire status,"When data is transferred from raw to checked, value of 1 is assigned based on the value of ""{questionnaire name}_complete""!=NULL (indicating participant began questionnaire), otherwise 0.","s1_r1_e1, s2_r1_e1, s3_r1_e1",Logical,"NA, 0, 1","NA, status unknown | 0, no data exists | 1, data exists","file: ""bbschild""; variable: """"",NA
selfnowa,redcap_data,selfnowA questionnaire status,"When data is transferred from raw to checked, value of 1 is assigned based on the value of ""{questionnaire name}_complete""!=NULL (indicating participant began questionnaire), otherwise 0.","s1_r1_e1, s2_r1_e1, s3_r1_e1",Logical,"NA, 0, 1","NA, status unknown | 0, no data exists | 1, data exists","file: ""bbschild""; variable: """"",NA
initstatec,redcap_data,initstateC questionnaire status,"When data is transferred from raw to checked, value of 1 is assigned based on the value of ""{questionnaire name}_complete""!=NULL (indicating participant began questionnaire), otherwise 0.","s1_r1_e1, s2_r1_e1, s3_r1_e1",Logical,"NA, 0, 1","NA, status unknown | 0, no data exists | 1, data exists","file: ""bbschild""; variable: """"",NA
posttaske,redcap_data,posttaskE questionnaire status,"When data is transferred from raw to checked, value of 1 is assigned based on the value of ""{questionnaire name}_complete""!=NULL (indicating participant began questionnaire), otherwise 0.","s1_r1_e1, s2_r1_e1, s3_r1_e1",Logical,"NA, 0, 1","NA, status unknown | 0, no data exists | 1, data exists","file: ""bbschild""; variable: """"",NA
initstatec,redcap_data,initstateC(e2) questionnaire status,"When data is transferred from raw to checked, value of 1 is assigned based on the value of ""{questionnaire name}_complete""!=NULL (indicating participant began questionnaire), otherwise 0.","s1_r1_e2, s2_r1_e2, s3_r1_e2",Logical,"NA, 0, 1","NA, status unknown | 0, no data exists | 1, data exists","file: ""bbschild""; variable: """"",NA
posttaske,redcap_data,posttaskE(e2) questionnaire status,"When data is transferred from raw to checked, value of 1 is assigned based on the value of ""{questionnaire name}_complete""!=NULL (indicating participant began questionnaire), otherwise 0.","s1_r1_e2, s2_r1_e2, s3_r1_e2",Logical,"NA, 0, 1","NA, status unknown | 0, no data exists | 1, data exists","file: ""bbschild""; variable: """"",NA
dyada,redcap_data,dyadA questionnaire status,"When data is transferred from raw to checked, value of 1 is assigned based on the value of ""{questionnaire name}_complete""!=NULL (indicating participant began questionnaire), otherwise 0.","s1_r1_e1, s2_r1_e1, s3_r1_e1",Logical,"NA, 0, 1","NA, status unknown | 0, no data exists | 1, data exists","file: ""bbschild""; variable: """"",NA
initstated,redcap_data,initstateD questionnaire status,"When data is transferred from raw to checked, value of 1 is assigned based on the value of ""{questionnaire name}_complete""!=NULL (indicating participant began questionnaire), otherwise 0.","s1_r1_e1, s2_r1_e1, s3_r1_e1",Logical,"NA, 0, 1","NA, status unknown | 0, no data exists | 1, data exists","file: ""bbschild""; variable: """"",NA
posttaskf,redcap_data,posttaskF questionnaire status,"When data is transferred from raw to checked, value of 1 is assigned based on the value of ""{questionnaire name}_complete""!=NULL (indicating participant began questionnaire), otherwise 0.","s1_r1_e1, s2_r1_e1, s3_r1_e1",Logical,"NA, 0, 1","NA, status unknown | 0, no data exists | 1, data exists","file: ""bbschild""; variable: """"",NA
dyadb,redcap_data,dyadB questionnaire status,"When data is transferred from raw to checked, value of 1 is assigned based on the value of ""{questionnaire name}_complete""!=NULL (indicating participant began questionnaire), otherwise 0.","s1_r1_e1, s2_r1_e1, s3_r1_e1",Logical,"NA, 0, 1","NA, status unknown | 0, no data exists | 1, data exists","file: ""bbschild""; variable: """"",NA
selfnowa,redcap_data,selfnowA(e2) questionnaire status,"When data is transferred from raw to checked, value of 1 is assigned based on the value of ""{questionnaire name}_complete""!=NULL (indicating participant began questionnaire), otherwise 0.","s1_r1_e2, s2_r1_e2, s3_r1_e2",Logical,"NA, 0, 1","NA, status unknown | 0, no data exists | 1, data exists","file: ""bbschild""; variable: """"",NA
infosht,redcap_data,INFOSHT questionnaire status,"When data is transferred from raw to checked, value of 1 is assigned based on the value of ""{questionnaire name}_complete""!=NULL (indicating participant began questionnaire), otherwise 0.",s1_r1_e1,Logical,"NA, 0, 1","NA, status unknown | 0, no data exists | 1, data exists","file: ""iqsparent""; variable: """"",NA
infosht18m,redcap_data,INFOSHT-18M questionnaire status,"When data is transferred from raw to checked, value of 1 is assigned based on the value of ""{questionnaire name}_complete""!=NULL (indicating participant began questionnaire), otherwise 0.","s2_r1_e1, s3_r1_e1",Logical,"NA, 0, 1","NA, status unknown | 0, no data exists | 1, data exists","file: ""iqsparent""; variable: """"",NA
txrxa,redcap_data,TXRXA questionnaire status,"When data is transferred from raw to checked, value of 1 is assigned based on the value of ""{questionnaire name}_complete""!=NULL (indicating participant began questionnaire), otherwise 0.",s1_r1_e1,Logical,"NA, 0, 1","NA, status unknown | 0, no data exists | 1, data exists","file: ""iqsparent""; variable: """"",NA
txrxa18m,redcap_data,TXRXA-18M questionnaire status,"When data is transferred from raw to checked, value of 1 is assigned based on the value of ""{questionnaire name}_complete""!=NULL (indicating participant began questionnaire), otherwise 0.","s2_r1_e1, s3_r1_e1",Logical,"NA, 0, 1","NA, status unknown | 0, no data exists | 1, data exists","file: ""iqsparent""; variable: """"",NA
demo_d,redcap_data,DEMO (v. D) questionnaire status,,s1_r1_e1,Logical,"NA, 0, 1","NA, status unknown | 0, no data exists | 1, data exists","file: ""iqsparent""; variable: """"",NA
demo_d2,redcap_data,DEMO (v. D2) questionnaire status,"When data is transferred from raw to checked, value of 1 is assigned based on the value of ""{questionnaire name}_complete""!=NULL (indicating participant began questionnaire), otherwise 0.","s2_r1_e1, s3_r1_e1",Logical,"NA, 0, 1","NA, status unknown | 0, no data exists | 1, data exists","file: ""iqsparent""; variable: """"",NA
bfnep_b,redcap_data,BFNE-P (v. B) questionnaire status,"When data is transferred from raw to checked, value of 1 is assigned based on the value of ""{questionnaire name}_complete""!=NULL (indicating participant began questionnaire), otherwise 0.","s1_r1_e1, s2_r1_e1, s3_r1_e1",Logical,"NA, 0, 1","NA, status unknown | 0, no data exists | 1, data exists","file: ""iqsparent""; variable: """"",NA
fpep,redcap_data,FPE-P questionnaire status,"When data is transferred from raw to checked, value of 1 is assigned based on the value of ""{questionnaire name}_complete""!=NULL (indicating participant began questionnaire), otherwise 0.","s1_r1_e1, s2_r1_e1, s3_r1_e1",Logical,"NA, 0, 1","NA, status unknown | 0, no data exists | 1, data exists","file: ""iqsparent""; variable: """"",NA
spaip,redcap_data,SPAI-P questionnaire status,"When data is transferred from raw to checked, value of 1 is assigned based on the value of ""{questionnaire name}_complete""!=NULL (indicating participant began questionnaire), otherwise 0.","s1_r1_e1, s2_r1_e1, s3_r1_e1",Logical,"NA, 0, 1","NA, status unknown | 0, no data exists | 1, data exists","file: ""iqsparent""; variable: """"",NA
esip,redcap_data,ESI-P questionnaire status,"When data is transferred from raw to checked, value of 1 is assigned based on the value of ""{questionnaire name}_complete""!=NULL (indicating participant began questionnaire), otherwise 0.","s1_r1_e1, s2_r1_e1, s3_r1_e1",Logical,"NA, 0, 1","NA, status unknown | 0, no data exists | 1, data exists","file: ""iqsparent""; variable: """"",NA
pscei,redcap_data,PSCEI questionnaire status,"When data is transferred from raw to checked, value of 1 is assigned based on the value of ""{questionnaire name}_complete""!=NULL (indicating participant began questionnaire), otherwise 0.","s1_r1_e1, s2_r1_e1, s3_r1_e1",Logical,"NA, 0, 1","NA, status unknown | 0, no data exists | 1, data exists","file: ""iqsparent""; variable: """"",NA
dersp,redcap_data,DERS-P questionnaire status,"When data is transferred from raw to checked, value of 1 is assigned based on the value of ""{questionnaire name}_complete""!=NULL (indicating participant began questionnaire), otherwise 0.","s1_r1_e1, s2_r1_e1, s3_r1_e1",Logical,"NA, 0, 1","NA, status unknown | 0, no data exists | 1, data exists","file: ""iqsparent""; variable: """"",NA
rcadsp,redcap_data,RCADS-P questionnaire status,"When data is transferred from raw to checked, value of 1 is assigned based on the value of ""{questionnaire name}_complete""!=NULL (indicating participant began questionnaire), otherwise 0.","s1_r1_e1, s2_r1_e1, s3_r1_e1",Logical,"NA, 0, 1","NA, status unknown | 0, no data exists | 1, data exists","file: ""iqsparent""; variable: """"",NA
rpeqp,redcap_data,RPEQ-P questionnaire status,"When data is transferred from raw to checked, value of 1 is assigned based on the value of ""{questionnaire name}_complete""!=NULL (indicating participant began questionnaire), otherwise 0.","s1_r1_e1, s2_r1_e1, s3_r1_e1",Logical,"NA, 0, 1","NA, status unknown | 0, no data exists | 1, data exists","file: ""iqsparent""; variable: """"",NA
edshvsp,redcap_data,EDSHVS-P questionnaire status,"When data is transferred from raw to checked, value of 1 is assigned based on the value of ""{questionnaire name}_complete""!=NULL (indicating participant began questionnaire), otherwise 0.","s1_r1_e1, s2_r1_e1, s3_r1_e1",Logical,"NA, 0, 1","NA, status unknown | 0, no data exists | 1, data exists","file: ""iqsparent""; variable: """"",NA
physinfop,redcap_data,PHYSINFO-P questionnaire status,"When data is transferred from raw to checked, value of 1 is assigned based on the value of ""{questionnaire name}_complete""!=NULL (indicating participant began questionnaire), otherwise 0.","s1_r1_e1, s2_r1_e1, s3_r1_e1",Logical,"NA, 0, 1","NA, status unknown | 0, no data exists | 1, data exists","file: ""iqsparent""; variable: """"",NA
psbp,redcap_data,PSB-P questionnaire status,"When data is transferred from raw to checked, value of 1 is assigned based on the value of ""{questionnaire name}_complete""!=NULL (indicating participant began questionnaire), otherwise 0.","s1_r1_e1, s2_r1_e1, s3_r1_e1",Logical,"NA, 0, 1","NA, status unknown | 0, no data exists | 1, data exists","file: ""iqsparent""; variable: """"",NA
pdsp,redcap_data,PDS-P questionnaire status,"When data is transferred from raw to checked, value of 1 is assigned based on the value of ""{questionnaire name}_complete""!=NULL (indicating participant began questionnaire), otherwise 0.","s1_r1_e1, s2_r1_e1, s3_r1_e1",Logical,"NA, 0, 1","NA, status unknown | 0, no data exists | 1, data exists","file: ""iqsparent""; variable: """"",NA
lsasp,redcap_data,LSAS-P questionnaire status,"When data is transferred from raw to checked, value of 1 is assigned based on the value of ""{questionnaire name}_complete""!=NULL (indicating participant began questionnaire), otherwise 0.","s1_r1_e1, s2_r1_e1, s3_r1_e1",Logical,"NA, 0, 1","NA, status unknown | 0, no data exists | 1, data exists","file: ""iqsparent""; variable: """"",NA
eatq,redcap_data,EATQ questionnaire status,"When data is transferred from raw to checked, value of 1 is assigned based on the value of ""{questionnaire name}_complete""!=NULL (indicating participant began questionnaire), otherwise 0.","s1_r1_e1, s2_r1_e1, s3_r1_e1",Logical,"NA, 0, 1","NA, status unknown | 0, no data exists | 1, data exists","file: ""bbsparent""; variable: """"",NA
fasap,redcap_data,FASA-P questionnaire status,"When data is transferred from raw to checked, value of 1 is assigned based on the value of ""{questionnaire name}_complete""!=NULL (indicating participant began questionnaire), otherwise 0.","s1_r1_e1, s2_r1_e1, s3_r1_e1",Logical,"NA, 0, 1","NA, status unknown | 0, no data exists | 1, data exists","file: ""bbsparent""; variable: """"",NA
rsrip,redcap_data,RSI-P questionnaire status,"When data is transferred from raw to checked, value of 1 is assigned based on the value of ""{questionnaire name}_complete""!=NULL (indicating participant began questionnaire), otherwise 0.","s1_r1_e1, s2_r1_e1, s3_r1_e1",Logical,"NA, 0, 1","NA, status unknown | 0, no data exists | 1, data exists","file: ""bbsparent""; variable: """"",NA
scaredp,redcap_data,SCARED-P questionnaire status,"When data is transferred from raw to checked, value of 1 is assigned based on the value of ""{questionnaire name}_complete""!=NULL (indicating participant began questionnaire), otherwise 0.","s1_r1_e1, s2_r1_e1, s3_r1_e1",Logical,"NA, 0, 1","NA, status unknown | 0, no data exists | 1, data exists","file: ""bbsparent""; variable: """"",NA
texip_b,redcap_data,TEXI-P (v. B) questionnaire status,"When data is transferred from raw to checked, value of 1 is assigned based on the value of ""{questionnaire name}_complete""!=NULL (indicating participant began questionnaire), otherwise 0.","s1_r1_e1, s2_r1_e1, s3_r1_e1",Logical,"NA, 0, 1","NA, status unknown | 0, no data exists | 1, data exists","file: ""bbsparent""; variable: """"",NA
yssmp,redcap_data,YSSM-P questionnaire status,"When data is transferred from raw to checked, value of 1 is assigned based on the value of ""{questionnaire name}_complete""!=NULL (indicating participant began questionnaire), otherwise 0.","s1_r1_e1, s2_r1_e1, s3_r1_e1",Logical,"NA, 0, 1","NA, status unknown | 0, no data exists | 1, data exists","file: ""bbsparent""; variable: """"",NA
adexi_b,redcap_data,ADEXI (v. B) questionnaire status,"When data is transferred from raw to checked, value of 1 is assigned based on the value of ""{questionnaire name}_complete""!=NULL (indicating participant began questionnaire), otherwise 0.","s1_r1_e1, s2_r1_e1, s3_r1_e1",Logical,"NA, 0, 1","NA, status unknown | 0, no data exists | 1, data exists","file: ""bbsparent""; variable: """"",NA
bfne_b_parent,redcap_data,BFNE (v. B) parent self-report questionnaire status,"When data is transferred from raw to checked, value of 1 is assigned based on the value of ""bfne_b_complete""!=NULL within parent redcap files (indicating participant began questionnaire), otherwise 0.","s1_r1_e1, s2_r1_e1, s3_r1_e1",Logical,"NA, 0, 1","NA, status unknown | 0, no data exists | 1, data exists","file: ""bbsparent""; variable: ""bfne_b""",NA
erq,redcap_data,ERQ questionnaire status,"When data is transferred from raw to checked, value of 1 is assigned based on the value of ""{questionnaire name}_complete""!=NULL (indicating participant began questionnaire), otherwise 0.","s1_r1_e1, s2_r1_e1, s3_r1_e1",Logical,"NA, 0, 1","NA, status unknown | 0, no data exists | 1, data exists","file: ""bbsparent""; variable: """"",NA
fpe_parent,redcap_data,FPE parent self-report questionnaire status,"When data is transferred from raw to checked, value of 1 is assigned based on the value of ""{questionnaire name}_complete""!=NULL (indicating participant began questionnaire), otherwise 0.","s1_r1_e1, s2_r1_e1, s3_r1_e1",Logical,"NA, 0, 1","NA, status unknown | 0, no data exists | 1, data exists","file: ""bbsparent""; variable: ""fpe""",NA
masi_b_parent,redcap_data,MASI (v. B) parent self-report questionnaire status,"When data is transferred from raw to checked, value of 1 is assigned based on the value of ""{questionnaire name}_complete""!=NULL (indicating participant began questionnaire), otherwise 0.","s1_r1_e1, s2_r1_e1, s3_r1_e1",Logical,"NA, 0, 1","NA, status unknown | 0, no data exists | 1, data exists","file: ""bbsparent""; variable: ""masi_b""",NA
phq8,redcap_data,PHQ8 questionnaire status,"When data is transferred from raw to checked, value of 1 is assigned based on the value of ""{questionnaire name}_complete""!=NULL (indicating participant began questionnaire), otherwise 0.","s1_r1_e1, s2_r1_e1, s3_r1_e1",Logical,"NA, 0, 1","NA, status unknown | 0, no data exists | 1, data exists","file: ""bbsparent""; variable: """"",NA
pints_parent,redcap_data,PINTS parent self-report questionnaire status,"When data is transferred from raw to checked, value of 1 is assigned based on the value of ""{questionnaire name}_complete""!=NULL (indicating participant began questionnaire), otherwise 0.","s1_r1_e1, s2_r1_e1, s3_r1_e1",Logical,"NA, 0, 1","NA, status unknown | 0, no data exists | 1, data exists","file: ""bbsparent""; variable: ""pints""",NA
pss,redcap_data,PSS questionnaire status,"When data is transferred from raw to checked, value of 1 is assigned based on the value of ""{questionnaire name}_complete""!=NULL (indicating participant began questionnaire), otherwise 0.","s1_r1_e1, s2_r1_e1, s3_r1_e1",Logical,"NA, 0, 1","NA, status unknown | 0, no data exists | 1, data exists","file: ""bbsparent""; variable: """"",NA
scaared_b,redcap_data,SCAARED (v. B) questionnaire status,"When data is transferred from raw to checked, value of 1 is assigned based on the value of ""{questionnaire name}_complete""!=NULL (indicating participant began questionnaire), otherwise 0.","s1_r1_e1, s2_r1_e1, s3_r1_e1",Logical,"NA, 0, 1","NA, status unknown | 0, no data exists | 1, data exists","file: ""bbsparent""; variable: """"",NA
via_parent,redcap_data,VIA parent self-report questionnaire status,"When data is transferred from raw to checked, value of 1 is assigned based on the value of ""{questionnaire name}_complete""!=NULL (indicating participant began questionnaire), otherwise 0.","s1_r1_e1, s2_r1_e1, s3_r1_e1",Logical,"NA, 0, 1","NA, status unknown | 0, no data exists | 1, data exists","file: ""bbsparent""; variable: ""via""",NA
rpbip,redcap_data,RPBI-P questionnaire status,"When data is transferred from raw to checked, value of 1 is assigned based on the value of ""{questionnaire name}_complete""!=NULL (indicating participant began questionnaire), otherwise 0.","s1_r1_e1, s2_r1_e1, s3_r1_e1",Logical,"NA, 0, 1","NA, status unknown | 0, no data exists | 1, data exists","file: ""bbsparent""; variable: """"",NA
bfne_b_scrdTotal,redcap_scrd,BFNE (v. B) total score status,"When data is preprocessed, value of 1 is assigned if preprocessing outputs ""{score name}""; otherwise 0.","s1_r1_e1, s2_r1_e1, s3_r1_e1",Logical,"NA, 0, 1","NA, status unknown | 0, no data exists | 1, data exists",code-instruments,NA
fpe_scrdTotal,redcap_scrd,FPE total score status,"When data is preprocessed, value of 1 is assigned if preprocessing outputs ""{score name}""; otherwise 0.","s1_r1_e1, s2_r1_e1, s3_r1_e1",Logical,"NA, 0, 1","NA, status unknown | 0, no data exists | 1, data exists",code-instruments,NA
spaic_scrdTotal,redcap_scrd,SPAI-C total score status,"When data is preprocessed, value of 1 is assigned if preprocessing outputs ""{score name}""; otherwise 0.","s1_r1_e1, s2_r1_e1, s3_r1_e1",Logical,"NA, 0, 1","NA, status unknown | 0, no data exists | 1, data exists",code-instruments,NA
esi_scrdTotal,redcap_scrd,ESI total score status,"When data is preprocessed, value of 1 is assigned if preprocessing outputs ""{score name}""; otherwise 0.","s1_r1_e1, s2_r1_e1, s3_r1_e1",Logical,"NA, 0, 1","NA, status unknown | 0, no data exists | 1, data exists",code-instruments,NA
ats_scrdTotal,redcap_scrd,ATS total score status,"When data is preprocessed, value of 1 is assigned if preprocessing outputs ""{score name}""; otherwise 0.","s1_r1_e1, s2_r1_e1, s3_r1_e1",Logical,"NA, 0, 1","NA, status unknown | 0, no data exists | 1, data exists",code-instruments,NA
ats_scrdStd,redcap_scrd,ATS high standards score status,"When data is preprocessed, value of 1 is assigned if preprocessing outputs ""{score name}""; otherwise 0.","s1_r1_e1, s2_r1_e1, s3_r1_e1",Logical,"NA, 0, 1","NA, status unknown | 0, no data exists | 1, data exists",code-instruments,NA
ats_scrdGen,redcap_scrd,ATS generalization score status,"When data is preprocessed, value of 1 is assigned if preprocessing outputs ""{score name}""; otherwise 0.","s1_r1_e1, s2_r1_e1, s3_r1_e1",Logical,"NA, 0, 1","NA, status unknown | 0, no data exists | 1, data exists",code-instruments,NA
ats_scrdCrit,redcap_scrd,ATS self-criticism score status,"When data is preprocessed, value of 1 is assigned if preprocessing outputs ""{score name}""; otherwise 0.","s1_r1_e1, s2_r1_e1, s3_r1_e1",Logical,"NA, 0, 1","NA, status unknown | 0, no data exists | 1, data exists",code-instruments,NA
pints_scrdTotal,redcap_scrd,PINTS total score status,"When data is preprocessed, value of 1 is assigned if preprocessing outputs ""{score name}""; otherwise 0.","s1_r1_e1, s2_r1_e1, s3_r1_e1",Logical,"NA, 0, 1","NA, status unknown | 0, no data exists | 1, data exists",code-instruments,NA
swcq_scrdTotal,redcap_scrd,SWCQ total score status,"When data is preprocessed, value of 1 is assigned if preprocessing outputs ""{score name}""; otherwise 0.","s1_r1_e1, s2_r1_e1, s3_r1_e1",Logical,"NA, 0, 1","NA, status unknown | 0, no data exists | 1, data exists",code-instruments,NA
swcq_scrdAca,redcap_scrd,SWCQ academic score status,"When data is preprocessed, value of 1 is assigned if preprocessing outputs ""{score name}""; otherwise 0.","s1_r1_e1, s2_r1_e1, s3_r1_e1",Logical,"NA, 0, 1","NA, status unknown | 0, no data exists | 1, data exists",code-instruments,NA
swcq_scrdSoc,redcap_scrd,SWCQ social feedback score status,"When data is preprocessed, value of 1 is assigned if preprocessing outputs ""{score name}""; otherwise 0.","s1_r1_e1, s2_r1_e1, s3_r1_e1",Logical,"NA, 0, 1","NA, status unknown | 0, no data exists | 1, data exists",code-instruments,NA
rcads_scrdTotal,redcap_scrd,RCADS total score status,"When data is preprocessed, value of 1 is assigned if preprocessing outputs ""{score name}""; otherwise 0.","s1_r1_e1, s2_r1_e1, s3_r1_e1",Logical,"NA, 0, 1","NA, status unknown | 0, no data exists | 1, data exists",code-instruments,NA
rcads_scrdAnx,redcap_scrd,RCADS anxiety score status,"When data is preprocessed, value of 1 is assigned if preprocessing outputs ""{score name}""; otherwise 0.","s1_r1_e1, s2_r1_e1, s3_r1_e1",Logical,"NA, 0, 1","NA, status unknown | 0, no data exists | 1, data exists",code-instruments,NA
rcads_scrdDep,redcap_scrd,RCADS depression score status,"When data is preprocessed, value of 1 is assigned if preprocessing outputs ""{score name}""; otherwise 0.","s1_r1_e1, s2_r1_e1, s3_r1_e1",Logical,"NA, 0, 1","NA, status unknown | 0, no data exists | 1, data exists",code-instruments,NA
rpeq_scrdOv,redcap_scrd,RPEQ overt score status,"When data is preprocessed, value of 1 is assigned if preprocessing outputs ""{score name}""; otherwise 0.","s1_r1_e1, s2_r1_e1, s3_r1_e1",Logical,"NA, 0, 1","NA, status unknown | 0, no data exists | 1, data exists",code-instruments,NA
rpeq_scrdRel,redcap_scrd,RPEQ relational subscore,"When data is preprocessed, value of 1 is assigned if preprocessing outputs ""{score name}""; otherwise 0.","s1_r1_e1, s2_r1_e1, s3_r1_e1",Logical,"NA, 0, 1","NA, status unknown | 0, no data exists | 1, data exists",code-instruments,NA
rpeq_scrdRep,redcap_scrd,RPEQ reputational subscore,"When data is preprocessed, value of 1 is assigned if preprocessing outputs ""{score name}""; otherwise 0.","s1_r1_e1, s2_r1_e1, s3_r1_e1",Logical,"NA, 0, 1","NA, status unknown | 0, no data exists | 1, data exists",code-instruments,NA
rpeq_scrdPro,redcap_scrd,RPEQ prosocial subscore,"When data is preprocessed, value of 1 is assigned if preprocessing outputs ""{score name}""; otherwise 0.","s1_r1_e1, s2_r1_e1, s3_r1_e1",Logical,"NA, 0, 1","NA, status unknown | 0, no data exists | 1, data exists",code-instruments,NA
tsis_scrdSIP,redcap_scrd,TSIS social information processing score status,"When data is preprocessed, value of 1 is assigned if preprocessing outputs ""{score name}""; otherwise 0.","s1_r1_e1, s2_r1_e1, s3_r1_e1",Logical,"NA, 0, 1","NA, status unknown | 0, no data exists | 1, data exists",code-instruments,NA
casi_scrdTotal,redcap_scrd,CASI total score status,"When data is preprocessed, value of 1 is assigned if preprocessing outputs ""{score name}""; otherwise 0.","s1_r1_e1, s2_r1_e1, s3_r1_e1",Logical,"NA, 0, 1","NA, status unknown | 0, no data exists | 1, data exists",code-instruments,NA
sassy_scrdSocRej,redcap_scrd,SASSY social rejection score status,"When data is preprocessed, value of 1 is assigned if preprocessing outputs ""{score name}""; otherwise 0.","s1_r1_e1, s2_r1_e1, s3_r1_e1",Logical,"NA, 0, 1","NA, status unknown | 0, no data exists | 1, data exists",code-instruments,NA
socrew_scrdTotal,redcap_scrd,SOCREW total score status,"When data is preprocessed, value of 1 is assigned if preprocessing outputs ""{score name}""; otherwise 0.","s1_r1_e1, s2_r1_e1, s3_r1_e1",Logical,"NA, 0, 1","NA, status unknown | 0, no data exists | 1, data exists",code-instruments,NA
socrew_scrdLike,redcap_scrd,SOCREW liking subscore,"When data is preprocessed, value of 1 is assigned if preprocessing outputs ""{score name}""; otherwise 0.","s1_r1_e1, s2_r1_e1, s3_r1_e1",Logical,"NA, 0, 1","NA, status unknown | 0, no data exists | 1, data exists",code-instruments,NA
socrew_scrdWant,redcap_scrd,SOCREW wanting score status,"When data is preprocessed, value of 1 is assigned if preprocessing outputs ""{score name}""; otherwise 0.","s1_r1_e1, s2_r1_e1, s3_r1_e1",Logical,"NA, 0, 1","NA, status unknown | 0, no data exists | 1, data exists",code-instruments,NA
socrew_scrdEff,redcap_scrd,SOCREW effort score status,"When data is preprocessed, value of 1 is assigned if preprocessing outputs ""{score name}""; otherwise 0.","s1_r1_e1, s2_r1_e1, s3_r1_e1",Logical,"NA, 0, 1","NA, status unknown | 0, no data exists | 1, data exists",code-instruments,NA
erqca_scrdCogRea,redcap_scrd,ERQ-CA cognitive reappraisal score status,"When data is preprocessed, value of 1 is assigned if preprocessing outputs ""{score name}""; otherwise 0.","s1_r1_e1, s2_r1_e1, s3_r1_e1",Logical,"NA, 0, 1","NA, status unknown | 0, no data exists | 1, data exists",code-instruments,NA
erqca_scrdExpSup,redcap_scrd,ERQ-CA expressive suppression score status,"When data is preprocessed, value of 1 is assigned if preprocessing outputs ""{score name}""; otherwise 0.","s1_r1_e1, s2_r1_e1, s3_r1_e1",Logical,"NA, 0, 1","NA, status unknown | 0, no data exists | 1, data exists",code-instruments,NA
oopjr_scrdTotal,redcap_scrd,OOPjr total score status,"When data is preprocessed, value of 1 is assigned if preprocessing outputs ""{score name}""; otherwise 0.","s1_r1_e1, s2_r1_e1, s3_r1_e1",Logical,"NA, 0, 1","NA, status unknown | 0, no data exists | 1, data exists",code-instruments,NA
ocic_scrdTotal,redcap_scrd,OCI-C total score status,"When data is preprocessed, value of 1 is assigned if preprocessing outputs ""{score name}""; otherwise 0.","s1_r1_e1, s2_r1_e1, s3_r1_e1",Logical,"NA, 0, 1","NA, status unknown | 0, no data exists | 1, data exists",code-instruments,NA
ocic_scrdDoubt,redcap_scrd,OCI-C doubting/checking score status,"When data is preprocessed, value of 1 is assigned if preprocessing outputs ""{score name}""; otherwise 0.","s1_r1_e1, s2_r1_e1, s3_r1_e1",Logical,"NA, 0, 1","NA, status unknown | 0, no data exists | 1, data exists",code-instruments,NA
ocic_scrdObs,redcap_scrd,OCI-C obsessing score status,"When data is preprocessed, value of 1 is assigned if preprocessing outputs ""{score name}""; otherwise 0.","s1_r1_e1, s2_r1_e1, s3_r1_e1",Logical,"NA, 0, 1","NA, status unknown | 0, no data exists | 1, data exists",code-instruments,NA
ocic_scrdHoard,redcap_scrd,OCI-C hoarding score status,"When data is preprocessed, value of 1 is assigned if preprocessing outputs ""{score name}""; otherwise 0.","s1_r1_e1, s2_r1_e1, s3_r1_e1",Logical,"NA, 0, 1","NA, status unknown | 0, no data exists | 1, data exists",code-instruments,NA
ocic_scrdWash,redcap_scrd,OCI-C washing score status,"When data is preprocessed, value of 1 is assigned if preprocessing outputs ""{score name}""; otherwise 0.","s1_r1_e1, s2_r1_e1, s3_r1_e1",Logical,"NA, 0, 1","NA, status unknown | 0, no data exists | 1, data exists",code-instruments,NA
ocic_scrdOrder,redcap_scrd,OCI-C ordering score status,"When data is preprocessed, value of 1 is assigned if preprocessing outputs ""{score name}""; otherwise 0.","s1_r1_e1, s2_r1_e1, s3_r1_e1",Logical,"NA, 0, 1","NA, status unknown | 0, no data exists | 1, data exists",code-instruments,NA
ocic_scrdNeu,redcap_scrd,OCI-C neutralizing score status,"When data is preprocessed, value of 1 is assigned if preprocessing outputs ""{score name}""; otherwise 0.","s1_r1_e1, s2_r1_e1, s3_r1_e1",Logical,"NA, 0, 1","NA, status unknown | 0, no data exists | 1, data exists",code-instruments,NA
mss_scrdSDS,redcap_scrd,MSS self-determined solitude score status,"When data is preprocessed, value of 1 is assigned if preprocessing outputs ""{score name}""; otherwise 0.","s1_r1_e1, s2_r1_e1, s3_r1_e1",Logical,"NA, 0, 1","NA, status unknown | 0, no data exists | 1, data exists",code-instruments,NA
edshvsc_scrdEdsEver,redcap_scrd,EDS-C ever/never score status,"When data is preprocessed, value of 1 is assigned if preprocessing outputs ""{score name}""; otherwise 0.","s1_r1_e1, s2_r1_e1, s3_r1_e1",Logical,"NA, 0, 1","NA, status unknown | 0, no data exists | 1, data exists",code-instruments,NA
edshvsc_scrdEdsFreq,redcap_scrd,EDS-C frequency score status,"When data is preprocessed, value of 1 is assigned if preprocessing outputs ""{score name}""; otherwise 0.","s1_r1_e1, s2_r1_e1, s3_r1_e1",Logical,"NA, 0, 1","NA, status unknown | 0, no data exists | 1, data exists",code-instruments,NA
edshvsc_scrdEdsChron,redcap_scrd,EDS-C chronicity score status,"When data is preprocessed, value of 1 is assigned if preprocessing outputs ""{score name}""; otherwise 0.","s1_r1_e1, s2_r1_e1, s3_r1_e1",Logical,"NA, 0, 1","NA, status unknown | 0, no data exists | 1, data exists",code-instruments,NA
edshvsc_scrdHvsEver,redcap_scrd,HVS-C ever/never score status,"When data is preprocessed, value of 1 is assigned if preprocessing outputs ""{score name}""; otherwise 0.","s1_r1_e1, s2_r1_e1, s3_r1_e1",Logical,"NA, 0, 1","NA, status unknown | 0, no data exists | 1, data exists",code-instruments,NA
edshvsc_scrdHvsFreq,redcap_scrd,HVS-C frequency score status,"When data is preprocessed, value of 1 is assigned if preprocessing outputs ""{score name}""; otherwise 0.","s1_r1_e1, s2_r1_e1, s3_r1_e1",Logical,"NA, 0, 1","NA, status unknown | 0, no data exists | 1, data exists",code-instruments,NA
psb_scrdTotal,redcap_scrd,PSB total score status,"When data is preprocessed, value of 1 is assigned if preprocessing outputs ""{score name}""; otherwise 0.","s1_r1_e1, s2_r1_e1, s3_r1_e1",Logical,"NA, 0, 1","NA, status unknown | 0, no data exists | 1, data exists",code-instruments,NA
pds_scrdFem,redcap_scrd,PDS female total score status,"When data is preprocessed, value of 1 is assigned if preprocessing outputs ""{score name}""; otherwise 0.","s1_r1_e1, s2_r1_e1, s3_r1_e1",Logical,"NA, 0, 1","NA, status unknown | 0, no data exists | 1, data exists",code-instruments,NA
pds_scrdMal,redcap_scrd,PDS male total score status,"When data is preprocessed, value of 1 is assigned if preprocessing outputs ""{score name}""; otherwise 0.","s1_r1_e1, s2_r1_e1, s3_r1_e1",Logical,"NA, 0, 1","NA, status unknown | 0, no data exists | 1, data exists",code-instruments,NA
lsasca_scrdTotal,redcap_scrd,LSAS-CA total score status,"When data is preprocessed, value of 1 is assigned if preprocessing outputs ""{score name}""; otherwise 0.","s1_r1_e1, s2_r1_e1, s3_r1_e1",Logical,"NA, 0, 1","NA, status unknown | 0, no data exists | 1, data exists",code-instruments,NA
lsasca_scrdTotAnx,redcap_scrd,LSAS-CA total anxiety score status,"When data is preprocessed, value of 1 is assigned if preprocessing outputs ""{score name}""; otherwise 0.","s1_r1_e1, s2_r1_e1, s3_r1_e1",Logical,"NA, 0, 1","NA, status unknown | 0, no data exists | 1, data exists",code-instruments,NA
lsasca_scrdAnxInt,redcap_scrd,LSAS-CA interaction anxiety score status,"When data is preprocessed, value of 1 is assigned if preprocessing outputs ""{score name}""; otherwise 0.","s1_r1_e1, s2_r1_e1, s3_r1_e1",Logical,"NA, 0, 1","NA, status unknown | 0, no data exists | 1, data exists",code-instruments,NA
lsasca_scrdAnxPer,redcap_scrd,LSAS-CA performance anxiety score status,"When data is preprocessed, value of 1 is assigned if preprocessing outputs ""{score name}""; otherwise 0.","s1_r1_e1, s2_r1_e1, s3_r1_e1",Logical,"NA, 0, 1","NA, status unknown | 0, no data exists | 1, data exists",code-instruments,NA
lsasca_scrdTotAvo,redcap_scrd,LSAS-CA total avoidance score status,"When data is preprocessed, value of 1 is assigned if preprocessing outputs ""{score name}""; otherwise 0.","s1_r1_e1, s2_r1_e1, s3_r1_e1",Logical,"NA, 0, 1","NA, status unknown | 0, no data exists | 1, data exists",code-instruments,NA
lsasca_scrdAvoInt,redcap_scrd,LSAS-CA avoidance of interaction score status,"When data is preprocessed, value of 1 is assigned if preprocessing outputs ""{score name}""; otherwise 0.","s1_r1_e1, s2_r1_e1, s3_r1_e1",Logical,"NA, 0, 1","NA, status unknown | 0, no data exists | 1, data exists",code-instruments,NA
lsasca_scrdAvoPer,redcap_scrd,LSAS-CA avoidance of performance score status,"When data is preprocessed, value of 1 is assigned if preprocessing outputs ""{score name}""; otherwise 0.","s1_r1_e1, s2_r1_e1, s3_r1_e1",Logical,"NA, 0, 1","NA, status unknown | 0, no data exists | 1, data exists",code-instruments,NA
abq_scrdTotal,redcap_scrd,ABQ total score status,"When data is preprocessed, value of 1 is assigned if preprocessing outputs ""{score name}""; otherwise 0.","s1_r1_e1, s2_r1_e1, s3_r1_e1",Logical,"NA, 0, 1","NA, status unknown | 0, no data exists | 1, data exists",code-instruments,NA
abq_scrdEng,redcap_scrd,ABQ engagement with threat score status,"When data is preprocessed, value of 1 is assigned if preprocessing outputs ""{score name}""; otherwise 0.","s1_r1_e1, s2_r1_e1, s3_r1_e1",Logical,"NA, 0, 1","NA, status unknown | 0, no data exists | 1, data exists",code-instruments,NA
abq_scrdDis,redcap_scrd,ABQ difficulty to disengage from threat score status,"When data is preprocessed, value of 1 is assigned if preprocessing outputs ""{score name}""; otherwise 0.","s1_r1_e1, s2_r1_e1, s3_r1_e1",Logical,"NA, 0, 1","NA, status unknown | 0, no data exists | 1, data exists",code-instruments,NA
rpbic_scrdAcc,redcap_scrd,RPBI-C acceptance score status,"When data is preprocessed, value of 1 is assigned if preprocessing outputs ""{score name}""; otherwise 0.","s1_r1_e1, s2_r1_e1, s3_r1_e1",Logical,"NA, 0, 1","NA, status unknown | 0, no data exists | 1, data exists",code-instruments,NA
rpbic_scrdPsyC,redcap_scrd,RPBI-C psychological control score status,"When data is preprocessed, value of 1 is assigned if preprocessing outputs ""{score name}""; otherwise 0.","s1_r1_e1, s2_r1_e1, s3_r1_e1",Logical,"NA, 0, 1","NA, status unknown | 0, no data exists | 1, data exists",code-instruments,NA
masi_b_scrdTotal,redcap_scrd,MASI (v. B) total score status,"When data is preprocessed, value of 1 is assigned if preprocessing outputs ""{score name}""; otherwise 0.","s1_r1_e1, s2_r1_e1, s3_r1_e1",Logical,"NA, 0, 1","NA, status unknown | 0, no data exists | 1, data exists",code-instruments,NA
masi_b_scrdAccPro,redcap_scrd,MASI (v. B) pressure to acculturate score status,"When data is preprocessed, value of 1 is assigned if preprocessing outputs ""{score name}""; otherwise 0.","s1_r1_e1, s2_r1_e1, s3_r1_e1",Logical,"NA, 0, 1","NA, status unknown | 0, no data exists | 1, data exists",code-instruments,NA
masi_b_scrdAccCon,redcap_scrd,MASI (v. B) pressure against acculturation score status,"When data is preprocessed, value of 1 is assigned if preprocessing outputs ""{score name}""; otherwise 0.","s1_r1_e1, s2_r1_e1, s3_r1_e1",Logical,"NA, 0, 1","NA, status unknown | 0, no data exists | 1, data exists",code-instruments,NA
via_scrdHer,redcap_scrd,VIA heritage score status,"When data is preprocessed, value of 1 is assigned if preprocessing outputs ""{score name}""; otherwise 0.","s1_r1_e1, s2_r1_e1, s3_r1_e1",Logical,"NA, 0, 1","NA, status unknown | 0, no data exists | 1, data exists",code-instruments,NA
via_scrdMain,redcap_scrd,VIA mainstream score status,"When data is preprocessed, value of 1 is assigned if preprocessing outputs ""{score name}""; otherwise 0.","s1_r1_e1, s2_r1_e1, s3_r1_e1",Logical,"NA, 0, 1","NA, status unknown | 0, no data exists | 1, data exists",code-instruments,NA
texi_b_scrdInh,redcap_scrd,TEXI (v. B) inhibition score status,"When data is preprocessed, value of 1 is assigned if preprocessing outputs ""{score name}""; otherwise 0.","s1_r1_e1, s2_r1_e1, s3_r1_e1",Logical,"NA, 0, 1","NA, status unknown | 0, no data exists | 1, data exists",code-instruments,NA
texi_b_scrdWm,redcap_scrd,TEXI (v. B) working memory score status,"When data is preprocessed, value of 1 is assigned if preprocessing outputs ""{score name}""; otherwise 0.","s1_r1_e1, s2_r1_e1, s3_r1_e1",Logical,"NA, 0, 1","NA, status unknown | 0, no data exists | 1, data exists",code-instruments,NA
bfnep_b_scrdTotal,redcap_scrd,BFNE-P (v. B) total score status,"When data is preprocessed, value of 1 is assigned if preprocessing outputs ""{score name}""; otherwise 0.","s1_r1_e1, s2_r1_e1, s3_r1_e1",Logical,"NA, 0, 1","NA, status unknown | 0, no data exists | 1, data exists",code-instruments,NA
fpep_scrdTotal,redcap_scrd,FPE-P total score status,"When data is preprocessed, value of 1 is assigned if preprocessing outputs ""{score name}""; otherwise 0.","s1_r1_e1, s2_r1_e1, s3_r1_e1",Logical,"NA, 0, 1","NA, status unknown | 0, no data exists | 1, data exists",code-instruments,NA
spaip_scrdTotal,redcap_scrd,SPAI-P total score status,"When data is preprocessed, value of 1 is assigned if preprocessing outputs ""{score name}""; otherwise 0.","s1_r1_e1, s2_r1_e1, s3_r1_e1",Logical,"NA, 0, 1","NA, status unknown | 0, no data exists | 1, data exists",code-instruments,NA
esip_scrdTotal,redcap_scrd,ESI-P total score status,"When data is preprocessed, value of 1 is assigned if preprocessing outputs ""{score name}""; otherwise 0.","s1_r1_e1, s2_r1_e1, s3_r1_e1",Logical,"NA, 0, 1","NA, status unknown | 0, no data exists | 1, data exists",code-instruments,NA
pscei_scrdTotal,redcap_scrd,PSCEI total score status,"When data is preprocessed, value of 1 is assigned if preprocessing outputs ""{score name}""; otherwise 0.","s1_r1_e1, s2_r1_e1, s3_r1_e1",Logical,"NA, 0, 1","NA, status unknown | 0, no data exists | 1, data exists",code-instruments,NA
dersp_scrdCat,redcap_scrd,DERS-P catastrophize score status,"When data is preprocessed, value of 1 is assigned if preprocessing outputs ""{score name}""; otherwise 0.","s1_r1_e1, s2_r1_e1, s3_r1_e1",Logical,"NA, 0, 1","NA, status unknown | 0, no data exists | 1, data exists",code-instruments,NA
dersp_scrdNeg,redcap_scrd,DERS-P negative secondary score status,"When data is preprocessed, value of 1 is assigned if preprocessing outputs ""{score name}""; otherwise 0.","s1_r1_e1, s2_r1_e1, s3_r1_e1",Logical,"NA, 0, 1","NA, status unknown | 0, no data exists | 1, data exists",code-instruments,NA
dersp_scrdAtt,redcap_scrd,DERS-P attuned score status,"When data is preprocessed, value of 1 is assigned if preprocessing outputs ""{score name}""; otherwise 0.","s1_r1_e1, s2_r1_e1, s3_r1_e1",Logical,"NA, 0, 1","NA, status unknown | 0, no data exists | 1, data exists",code-instruments,NA
dersp_scrdDis,redcap_scrd,DERS-P distracted score status,"When data is preprocessed, value of 1 is assigned if preprocessing outputs ""{score name}""; otherwise 0.","s1_r1_e1, s2_r1_e1, s3_r1_e1",Logical,"NA, 0, 1","NA, status unknown | 0, no data exists | 1, data exists",code-instruments,NA
rcadsp_scrdTotal,redcap_scrd,RCADS-P total score status,"When data is preprocessed, value of 1 is assigned if preprocessing outputs ""{score name}""; otherwise 0.","s1_r1_e1, s2_r1_e1, s3_r1_e1",Logical,"NA, 0, 1","NA, status unknown | 0, no data exists | 1, data exists",code-instruments,NA
rcadsp_scrdAnx,redcap_scrd,RCADS-P anxiety score status,"When data is preprocessed, value of 1 is assigned if preprocessing outputs ""{score name}""; otherwise 0.","s1_r1_e1, s2_r1_e1, s3_r1_e1",Logical,"NA, 0, 1","NA, status unknown | 0, no data exists | 1, data exists",code-instruments,NA
rcadsp_scrdDep,redcap_scrd,RCADS-P depression score status,"When data is preprocessed, value of 1 is assigned if preprocessing outputs ""{score name}""; otherwise 0.","s1_r1_e1, s2_r1_e1, s3_r1_e1",Logical,"NA, 0, 1","NA, status unknown | 0, no data exists | 1, data exists",code-instruments,NA
rpeqp_scrdOv,redcap_scrd,RPEQ-P overt score status,"When data is preprocessed, value of 1 is assigned if preprocessing outputs ""{score name}""; otherwise 0.","s1_r1_e1, s2_r1_e1, s3_r1_e1",Logical,"NA, 0, 1","NA, status unknown | 0, no data exists | 1, data exists",code-instruments,NA
rpeqp_scrdRel,redcap_scrd,RPEQ-P relational subscore,"When data is preprocessed, value of 1 is assigned if preprocessing outputs ""{score name}""; otherwise 0.","s1_r1_e1, s2_r1_e1, s3_r1_e1",Logical,"NA, 0, 1","NA, status unknown | 0, no data exists | 1, data exists",code-instruments,NA
rpeqp_scrdRep,redcap_scrd,RPEQ-P reputational subscore,"When data is preprocessed, value of 1 is assigned if preprocessing outputs ""{score name}""; otherwise 0.","s1_r1_e1, s2_r1_e1, s3_r1_e1",Logical,"NA, 0, 1","NA, status unknown | 0, no data exists | 1, data exists",code-instruments,NA
rpeqp_scrdPro,redcap_scrd,RPEQ-P prosocial subscore,"When data is preprocessed, value of 1 is assigned if preprocessing outputs ""{score name}""; otherwise 0.","s1_r1_e1, s2_r1_e1, s3_r1_e1",Logical,"NA, 0, 1","NA, status unknown | 0, no data exists | 1, data exists",code-instruments,NA
edshvsp_scrdEdsEver,redcap_scrd,EDS-P ever/never score status,"When data is preprocessed, value of 1 is assigned if preprocessing outputs ""{score name}""; otherwise 0.","s1_r1_e1, s2_r1_e1, s3_r1_e1",Logical,"NA, 0, 1","NA, status unknown | 0, no data exists | 1, data exists",code-instruments,NA
edshvsp_scrdEdsFreq,redcap_scrd,EDS-P frequency score status,"When data is preprocessed, value of 1 is assigned if preprocessing outputs ""{score name}""; otherwise 0.","s1_r1_e1, s2_r1_e1, s3_r1_e1",Logical,"NA, 0, 1","NA, status unknown | 0, no data exists | 1, data exists",code-instruments,NA
edshvsp_scrdEdsChron,redcap_scrd,EDS-P chronicity score status,"When data is preprocessed, value of 1 is assigned if preprocessing outputs ""{score name}""; otherwise 0.","s1_r1_e1, s2_r1_e1, s3_r1_e1",Logical,"NA, 0, 1","NA, status unknown | 0, no data exists | 1, data exists",code-instruments,NA
edshvsp_scrdHvsEver,redcap_scrd,HVS-P ever/never score status,"When data is preprocessed, value of 1 is assigned if preprocessing outputs ""{score name}""; otherwise 0.","s1_r1_e1, s2_r1_e1, s3_r1_e1",Logical,"NA, 0, 1","NA, status unknown | 0, no data exists | 1, data exists",code-instruments,NA
edshvsp_scrdHvsFreq,redcap_scrd,HVS-P frequency score status,"When data is preprocessed, value of 1 is assigned if preprocessing outputs ""{score name}""; otherwise 0.","s1_r1_e1, s2_r1_e1, s3_r1_e1",Logical,"NA, 0, 1","NA, status unknown | 0, no data exists | 1, data exists",code-instruments,NA
psbp_scrdTotal,redcap_scrd,PSB-P total score status,"When data is preprocessed, value of 1 is assigned if preprocessing outputs ""{score name}""; otherwise 0.","s1_r1_e1, s2_r1_e1, s3_r1_e1",Logical,"NA, 0, 1","NA, status unknown | 0, no data exists | 1, data exists",code-instruments,NA
pdsp_scrdFem,redcap_scrd,PDS-P female total score status,"When data is preprocessed, value of 1 is assigned if preprocessing outputs ""{score name}""; otherwise 0.","s1_r1_e1, s2_r1_e1, s3_r1_e1",Logical,"NA, 0, 1","NA, status unknown | 0, no data exists | 1, data exists",code-instruments,NA
pdsp_scrdMal,redcap_scrd,PDS-P male total score status,"When data is preprocessed, value of 1 is assigned if preprocessing outputs ""{score name}""; otherwise 0.","s1_r1_e1, s2_r1_e1, s3_r1_e1",Logical,"NA, 0, 1","NA, status unknown | 0, no data exists | 1, data exists",code-instruments,NA
lsasp_scrdTotal,redcap_scrd,LSAS-P total score status,"When data is preprocessed, value of 1 is assigned if preprocessing outputs ""{score name}""; otherwise 0.","s1_r1_e1, s2_r1_e1, s3_r1_e1",Logical,"NA, 0, 1","NA, status unknown | 0, no data exists | 1, data exists",code-instruments,NA
lsasp_scrdTotAnx,redcap_scrd,LSAS-P total anxiety score status,"When data is preprocessed, value of 1 is assigned if preprocessing outputs ""{score name}""; otherwise 0.","s1_r1_e1, s2_r1_e1, s3_r1_e1",Logical,"NA, 0, 1","NA, status unknown | 0, no data exists | 1, data exists",code-instruments,NA
lsasp_scrdAnxInt,redcap_scrd,LSAS-P interaction anxiety score status,"When data is preprocessed, value of 1 is assigned if preprocessing outputs ""{score name}""; otherwise 0.","s1_r1_e1, s2_r1_e1, s3_r1_e1",Logical,"NA, 0, 1","NA, status unknown | 0, no data exists | 1, data exists",code-instruments,NA
lsasp_scrdAnxPer,redcap_scrd,LSAS-P performance anxiety score status,"When data is preprocessed, value of 1 is assigned if preprocessing outputs ""{score name}""; otherwise 0.","s1_r1_e1, s2_r1_e1, s3_r1_e1",Logical,"NA, 0, 1","NA, status unknown | 0, no data exists | 1, data exists",code-instruments,NA
lsasp_scrdTotAvo,redcap_scrd,LSAS-P total avoidance score status,"When data is preprocessed, value of 1 is assigned if preprocessing outputs ""{score name}""; otherwise 0.","s1_r1_e1, s2_r1_e1, s3_r1_e1",Logical,"NA, 0, 1","NA, status unknown | 0, no data exists | 1, data exists",code-instruments,NA
lsasp_scrdAvoInt,redcap_scrd,LSAS-P avoidance of interaction score status,"When data is preprocessed, value of 1 is assigned if preprocessing outputs ""{score name}""; otherwise 0.","s1_r1_e1, s2_r1_e1, s3_r1_e1",Logical,"NA, 0, 1","NA, status unknown | 0, no data exists | 1, data exists",code-instruments,NA
lsasp_scrdAvoPer,redcap_scrd,LSAS-P avoidance of performance score status,"When data is preprocessed, value of 1 is assigned if preprocessing outputs ""{score name}""; otherwise 0.","s1_r1_e1, s2_r1_e1, s3_r1_e1",Logical,"NA, 0, 1","NA, status unknown | 0, no data exists | 1, data exists",code-instruments,NA
eatq_scrdAC,redcap_scrd,EATQ activation control score status,"When data is preprocessed, value of 1 is assigned if preprocessing outputs ""{score name}""; otherwise 0.","s1_r1_e1, s2_r1_e1, s3_r1_e1",Logical,"NA, 0, 1","NA, status unknown | 0, no data exists | 1, data exists",code-instruments,NA
eatq_scrdAff,redcap_scrd,EATQ affiliation score status,"When data is preprocessed, value of 1 is assigned if preprocessing outputs ""{score name}""; otherwise 0.","s1_r1_e1, s2_r1_e1, s3_r1_e1",Logical,"NA, 0, 1","NA, status unknown | 0, no data exists | 1, data exists",code-instruments,NA
eatq_scrdAgg,redcap_scrd,EATQ aggression score status,"When data is preprocessed, value of 1 is assigned if preprocessing outputs ""{score name}""; otherwise 0.","s1_r1_e1, s2_r1_e1, s3_r1_e1",Logical,"NA, 0, 1","NA, status unknown | 0, no data exists | 1, data exists",code-instruments,NA
eatq_scrdAtt,redcap_scrd,EATQ attention score status,"When data is preprocessed, value of 1 is assigned if preprocessing outputs ""{score name}""; otherwise 0.","s1_r1_e1, s2_r1_e1, s3_r1_e1",Logical,"NA, 0, 1","NA, status unknown | 0, no data exists | 1, data exists",code-instruments,NA
eatq_scrdDM,redcap_scrd,EATQ depressive mood score status,"When data is preprocessed, value of 1 is assigned if preprocessing outputs ""{score name}""; otherwise 0.","s1_r1_e1, s2_r1_e1, s3_r1_e1",Logical,"NA, 0, 1","NA, status unknown | 0, no data exists | 1, data exists",code-instruments,NA
eatq_scrdFear,redcap_scrd,EATQ fear score status,"When data is preprocessed, value of 1 is assigned if preprocessing outputs ""{score name}""; otherwise 0.","s1_r1_e1, s2_r1_e1, s3_r1_e1",Logical,"NA, 0, 1","NA, status unknown | 0, no data exists | 1, data exists",code-instruments,NA
eatq_scrdFrus,redcap_scrd,EATQ frustration score status,"When data is preprocessed, value of 1 is assigned if preprocessing outputs ""{score name}""; otherwise 0.","s1_r1_e1, s2_r1_e1, s3_r1_e1",Logical,"NA, 0, 1","NA, status unknown | 0, no data exists | 1, data exists",code-instruments,NA
fasap_scrdAcc,redcap_scrd,FASA-P accommodation subscore,"When data is preprocessed, value of 1 is assigned if preprocessing outputs ""{score name}""; otherwise 0.","s1_r1_e1, s2_r1_e1, s3_r1_e1",Logical,"NA, 0, 1","NA, status unknown | 0, no data exists | 1, data exists",code-instruments,NA
fasap_scrdPart,redcap_scrd,FASA-P participation subscore,"When data is preprocessed, value of 1 is assigned if preprocessing outputs ""{score name}""; otherwise 0.","s1_r1_e1, s2_r1_e1, s3_r1_e1",Logical,"NA, 0, 1","NA, status unknown | 0, no data exists | 1, data exists",code-instruments,NA
fasap_scrdMod,redcap_scrd,FASA-P modification subscore,"When data is preprocessed, value of 1 is assigned if preprocessing outputs ""{score name}""; otherwise 0.","s1_r1_e1, s2_r1_e1, s3_r1_e1",Logical,"NA, 0, 1","NA, status unknown | 0, no data exists | 1, data exists",code-instruments,NA
fasap_scrdDist,redcap_scrd,FASA-P distress subscore,"When data is preprocessed, value of 1 is assigned if preprocessing outputs ""{score name}""; otherwise 0.","s1_r1_e1, s2_r1_e1, s3_r1_e1",Logical,"NA, 0, 1","NA, status unknown | 0, no data exists | 1, data exists",code-instruments,NA
fasap_scrdCons,redcap_scrd,FASA-P consequences subscore,"When data is preprocessed, value of 1 is assigned if preprocessing outputs ""{score name}""; otherwise 0.","s1_r1_e1, s2_r1_e1, s3_r1_e1",Logical,"NA, 0, 1","NA, status unknown | 0, no data exists | 1, data exists",code-instruments,NA
rsrip_scrdTotal,redcap_scrd,RSI-P score status,"When data is preprocessed, value of 1 is assigned if preprocessing outputs ""{score name}""; otherwise 0.","s1_r1_e1, s2_r1_e1, s3_r1_e1",Logical,"NA, 0, 1","NA, status unknown | 0, no data exists | 1, data exists",code-instruments,NA
rsrip_scrdSocSch,redcap_scrd,RSI-P social/school score status,"When data is preprocessed, value of 1 is assigned if preprocessing outputs ""{score name}""; otherwise 0.","s1_r1_e1, s2_r1_e1, s3_r1_e1",Logical,"NA, 0, 1","NA, status unknown | 0, no data exists | 1, data exists",code-instruments,NA
rsrip_scrdFear,redcap_scrd,RSI-P fear/illness score status,"When data is preprocessed, value of 1 is assigned if preprocessing outputs ""{score name}""; otherwise 0.","s1_r1_e1, s2_r1_e1, s3_r1_e1",Logical,"NA, 0, 1","NA, status unknown | 0, no data exists | 1, data exists",code-instruments,NA
scaredp_scrdTotal,redcap_scrd,SCARED-P score status,"When data is preprocessed, value of 1 is assigned if preprocessing outputs ""{score name}""; otherwise 0.","s1_r1_e1, s2_r1_e1, s3_r1_e1",Logical,"NA, 0, 1","NA, status unknown | 0, no data exists | 1, data exists",code-instruments,NA
scaredp_scrdPan,redcap_scrd,SCARED-P panic disorder score status,"When data is preprocessed, value of 1 is assigned if preprocessing outputs ""{score name}""; otherwise 0.","s1_r1_e1, s2_r1_e1, s3_r1_e1",Logical,"NA, 0, 1","NA, status unknown | 0, no data exists | 1, data exists",code-instruments,NA
scaredp_scrdGA,redcap_scrd,SCARED-P generalized anxiety disorder score status,"When data is preprocessed, value of 1 is assigned if preprocessing outputs ""{score name}""; otherwise 0.","s1_r1_e1, s2_r1_e1, s3_r1_e1",Logical,"NA, 0, 1","NA, status unknown | 0, no data exists | 1, data exists",code-instruments,NA
scaredp_scrdSep,redcap_scrd,SCARED-P separation anxiety disorder score status,"When data is preprocessed, value of 1 is assigned if preprocessing outputs ""{score name}""; otherwise 0.","s1_r1_e1, s2_r1_e1, s3_r1_e1",Logical,"NA, 0, 1","NA, status unknown | 0, no data exists | 1, data exists",code-instruments,NA
scaredp_scrdSA,redcap_scrd,SCARED-P social anxiety disorder score status,"When data is preprocessed, value of 1 is assigned if preprocessing outputs ""{score name}""; otherwise 0.","s1_r1_e1, s2_r1_e1, s3_r1_e1",Logical,"NA, 0, 1","NA, status unknown | 0, no data exists | 1, data exists",code-instruments,NA
scaredp_scrdAvo,redcap_scrd,SCARED-P significant school avoidance score status,"When data is preprocessed, value of 1 is assigned if preprocessing outputs ""{score name}""; otherwise 0.","s1_r1_e1, s2_r1_e1, s3_r1_e1",Logical,"NA, 0, 1","NA, status unknown | 0, no data exists | 1, data exists",code-instruments,NA
texip_b_scrdInh,redcap_scrd,TEXI-P (v. B) inhibition score status,"When data is preprocessed, value of 1 is assigned if preprocessing outputs ""{score name}""; otherwise 0.","s1_r1_e1, s2_r1_e1, s3_r1_e1",Logical,"NA, 0, 1","NA, status unknown | 0, no data exists | 1, data exists",code-instruments,NA
texip_b_scrdWm,redcap_scrd,TEXI-P (v. B) working memory score status,"When data is preprocessed, value of 1 is assigned if preprocessing outputs ""{score name}""; otherwise 0.","s1_r1_e1, s2_r1_e1, s3_r1_e1",Logical,"NA, 0, 1","NA, status unknown | 0, no data exists | 1, data exists",code-instruments,NA
adexi_b_scrdTotal,redcap_scrd,ADEXI (v. B) score status,"When data is preprocessed, value of 1 is assigned if preprocessing outputs ""{score name}""; otherwise 0.","s1_r1_e1, s2_r1_e1, s3_r1_e1",Logical,"NA, 0, 1","NA, status unknown | 0, no data exists | 1, data exists",code-instruments,NA
adexi_b_scrdInh,redcap_scrd,ADEXI (v. B) inhibition score status,"When data is preprocessed, value of 1 is assigned if preprocessing outputs ""{score name}""; otherwise 0.","s1_r1_e1, s2_r1_e1, s3_r1_e1",Logical,"NA, 0, 1","NA, status unknown | 0, no data exists | 1, data exists",code-instruments,NA
adexi_b_scrdWm,redcap_scrd,ADEXI (v. B) working memory score status,"When data is preprocessed, value of 1 is assigned if preprocessing outputs ""{score name}""; otherwise 0.","s1_r1_e1, s2_r1_e1, s3_r1_e1",Logical,"NA, 0, 1","NA, status unknown | 0, no data exists | 1, data exists",code-instruments,NA
bfne_b_parent_scrdTotal,redcap_scrd,BFNE (v. B) parent self-report total score status,"When data is preprocessed, value of 1 is assigned if preprocessing outputs ""{score name}""; otherwise 0.","s1_r1_e1, s2_r1_e1, s3_r1_e1",Logical,"NA, 0, 1","NA, status unknown | 0, no data exists | 1, data exists",code-instruments,NA
erq_scrdCogRea,redcap_scrd,ERQ cognitive reappraisal score status,"When data is preprocessed, value of 1 is assigned if preprocessing outputs ""{score name}""; otherwise 0.","s1_r1_e1, s2_r1_e1, s3_r1_e1",Logical,"NA, 0, 1","NA, status unknown | 0, no data exists | 1, data exists",code-instruments,NA
erq_scrdExpSup,redcap_scrd,ERQ expressive suppression score status,"When data is preprocessed, value of 1 is assigned if preprocessing outputs ""{score name}""; otherwise 0.","s1_r1_e1, s2_r1_e1, s3_r1_e1",Logical,"NA, 0, 1","NA, status unknown | 0, no data exists | 1, data exists",code-instruments,NA
fpe_parent_scrdTotal,redcap_scrd,FPE parent self-report total score status,"When data is preprocessed, value of 1 is assigned if preprocessing outputs ""{score name}""; otherwise 0.","s1_r1_e1, s2_r1_e1, s3_r1_e1",Logical,"NA, 0, 1","NA, status unknown | 0, no data exists | 1, data exists",code-instruments,NA
masi_b_parent_scrdTotal,redcap_scrd,MASI (v. B) parent-self report total score status,"When data is preprocessed, value of 1 is assigned if preprocessing outputs ""{score name}""; otherwise 0.","s1_r1_e1, s2_r1_e1, s3_r1_e1",Logical,"NA, 0, 1","NA, status unknown | 0, no data exists | 1, data exists",code-instruments,NA
masi_b_parent_scrdAccPro,redcap_scrd,MASI (v. B) parent self-report pressure to acculturate score status,"When data is preprocessed, value of 1 is assigned if preprocessing outputs ""{score name}""; otherwise 0.","s1_r1_e1, s2_r1_e1, s3_r1_e1",Logical,"NA, 0, 1","NA, status unknown | 0, no data exists | 1, data exists",code-instruments,NA
masi_b_parent_scrdAccCon,redcap_scrd,MASI (v. B) parent self-report pressure against acculturation score status,"When data is preprocessed, value of 1 is assigned if preprocessing outputs ""{score name}""; otherwise 0.","s1_r1_e1, s2_r1_e1, s3_r1_e1",Logical,"NA, 0, 1","NA, status unknown | 0, no data exists | 1, data exists",code-instruments,NA
phq8_scrdTotal,redcap_scrd,PHQ8 total score status,"When data is preprocessed, value of 1 is assigned if preprocessing outputs ""{score name}""; otherwise 0.","s1_r1_e1, s2_r1_e1, s3_r1_e1",Logical,"NA, 0, 1","NA, status unknown | 0, no data exists | 1, data exists",code-instruments,NA
pints_parent_scrdTotal,redcap_scrd,PINTS parent self-report total score status,"When data is preprocessed, value of 1 is assigned if preprocessing outputs ""{score name}""; otherwise 0.","s1_r1_e1, s2_r1_e1, s3_r1_e1",Logical,"NA, 0, 1","NA, status unknown | 0, no data exists | 1, data exists",code-instruments,NA
pss_scrdTotal,redcap_scrd,PSS total score status,"When data is preprocessed, value of 1 is assigned if preprocessing outputs ""{score name}""; otherwise 0.","s1_r1_e1, s2_r1_e1, s3_r1_e1",Logical,"NA, 0, 1","NA, status unknown | 0, no data exists | 1, data exists",code-instruments,NA
scaared_b_scrdTotal,redcap_scrd,SCAARED (v. B) score status,"When data is preprocessed, value of 1 is assigned if preprocessing outputs ""{score name}""; otherwise 0.","s1_r1_e1, s2_r1_e1, s3_r1_e1",Logical,"NA, 0, 1","NA, status unknown | 0, no data exists | 1, data exists",code-instruments,NA
scaared_b_scrdPaSo,redcap_scrd,SCAARED (v. B) panic disorder score,"When data is preprocessed, value of 1 is assigned if preprocessing outputs ""{score name}""; otherwise 0.","s1_r1_e1, s2_r1_e1, s3_r1_e1",Logical,"NA, 0, 1","NA, status unknown | 0, no data exists | 1, data exists",code-instruments,NA
scaared_b_scrdGA,redcap_scrd,SCAARED (v. B) generalized anxiety score,"When data is preprocessed, value of 1 is assigned if preprocessing outputs ""{score name}""; otherwise 0.","s1_r1_e1, s2_r1_e1, s3_r1_e1",Logical,"NA, 0, 1","NA, status unknown | 0, no data exists | 1, data exists",code-instruments,NA
scaared_b_scrdSep,redcap_scrd,SCAARED (v. B) separation anxiety score,"When data is preprocessed, value of 1 is assigned if preprocessing outputs ""{score name}""; otherwise 0.","s1_r1_e1, s2_r1_e1, s3_r1_e1",Logical,"NA, 0, 1","NA, status unknown | 0, no data exists | 1, data exists",code-instruments,NA
scaared_b_scrdSoc,redcap_scrd,SCAARED (v. B) social phobias score,"When data is preprocessed, value of 1 is assigned if preprocessing outputs ""{score name}""; otherwise 0.","s1_r1_e1, s2_r1_e1, s3_r1_e1",Logical,"NA, 0, 1","NA, status unknown | 0, no data exists | 1, data exists",code-instruments,NA
via_parent_scrdHer,redcap_scrd,VIA parent self-report heritage score status,"When data is preprocessed, value of 1 is assigned if preprocessing outputs ""{score name}""; otherwise 0.","s1_r1_e1, s2_r1_e1, s3_r1_e1",Logical,"NA, 0, 1","NA, status unknown | 0, no data exists | 1, data exists",code-instruments,NA
via_parent_scrdMain,redcap_scrd,VIA parent self-report mainstream score status,"When data is preprocessed, value of 1 is assigned if preprocessing outputs ""{score name}""; otherwise 0.","s1_r1_e1, s2_r1_e1, s3_r1_e1",Logical,"NA, 0, 1","NA, status unknown | 0, no data exists | 1, data exists",code-instruments,NA
rpbip_scrdAcc,redcap_scrd,RPBI-P acceptance score status,"When data is preprocessed, value of 1 is assigned if preprocessing outputs ""{score name}""; otherwise 0.","s1_r1_e1, s2_r1_e1, s3_r1_e1",Logical,"NA, 0, 1","NA, status unknown | 0, no data exists | 1, data exists",code-instruments,NA
rpbip_scrdPsyC,redcap_scrd,RPBI-P psychological control score status,"When data is preprocessed, value of 1 is assigned if preprocessing outputs ""{score name}""; otherwise 0.","s1_r1_e1, s2_r1_e1, s3_r1_e1",Logical,"NA, 0, 1","NA, status unknown | 0, no data exists | 1, data exists",code-instruments,NA
pidentityiqs,parent_identity,"Parent identity status, IQS","When data is transferred from raw to checked, value of 8 is assigned based on the value of parent ID = 308XXXX; value of 9 is assigned based on the value of parent ID = 309XXXX","s1_r1_e1, s2_r1_e1, s3_r1_e1",Logical,"NA, 8, 9","NA, status unknown | 8, primary parent | 9, secondary parent","file: ""iqsparent""; variable: ""record_id""",NA
pidentitybbs,parent_identity,"Parent identity status, BBS","When data is transferred from raw to checked, value of 8 is assigned based on the value of parent ID = 308XXXX; value of 9 is assigned based on the value of parent ID = 309XXXX","s1_r1_e1, s2_r1_e1, s3_r1_e1",Logical,"NA, 8, 9","NA, status unknown | 8, primary parent | 9, secondary parent","file: ""bbsparent""; variable: ""record_id""",NA
plangiqs,parent_lang,"Parent language status, IQS","When data is transferred from raw to checked, value of 1 is assigned based on the value of iqspaid_lang_s1_r1_e1 = 1 (English); value of 2 is assigned based on the value of  iqspaid_lang_s1_r1_e1 = 2 (Spanish)","s1_r1_e1, s2_r1_e1, s3_r1_e1",Logical,"NA, 1, 2","NA, status unknown | 1, English | 2, Spanish","file: ""iqsparent""; variable: ""iqspaid_lang""",NA
plangbbs,parent_lang,"Parent language status, BBS","When data is transferred from raw to checked, value of 1 is assigned based on the value of bbspaid_lang_s1_r1_e1 = 1 (English); value of 2 is assigned based on the value of  bbspaid_lang_s1_r1_e1 = 2 (Spanish)","s1_r1_e1, s2_r1_e1, s3_r1_e1",Logical,"NA, 1, 2","NA, status unknown | 1, English | 2, Spanish","file: ""bbsparent""; variable: ""bbspaid_lang""",NA